x,y,color
627.323975,341.602997,0
489.07901,96.985001,0
216.684006,347.716003,0
31.476999,439.335999,0
337.158997,66.889999,0
82.473999,356.868988,0
394.226013,197.311005,0
546.593994,107.129997,0
602.330017,339.190002,0
681.466003,328.101013,0
47.077,239.179001,0
216.106003,380.60199,0
462.373993,107.497002,0
118.207001,469.925995,0
29.556999,457.348999,0
132.514999,129.421997,0
642.366028,345.062988,0
646.127014,329.862,0
664.393982,332.122986,0
271.140015,345.803009,0
344.481995,106.135002,0
216.882996,317.929993,0
271.63501,397.507996,0
669.122986,252.410995,0
97.806,53.535999,0
650.526978,322.450989,0
656.380981,296.559998,0
271.911987,321.330994,0
386.674011,28.582001,0
18.971001,218.514999,0
272.958008,358.739014,0
14.179,130.658997,0
650.434021,352.179993,0
208.188004,342.569,0
377.399994,91.113998,0
61.778999,463.307007,0
676.497009,348.515015,0
644.526001,337.221008,0
261.427002,467.022003,0
384.227997,346.615997,0
157.382996,205.356995,0
570.539001,330.729004,0
645.650024,318.414001,0
354.938995,131.378006,0
530.653015,196.707993,0
653.078979,324.43399,0
662.455017,353.756989,0
660.624023,346.196991,0
574.656982,82.986,0
96.545998,206.807999,0
216.106995,214.748001,0
657.289001,282.923004,0
27.841,192.813004,0
321.790985,36.115002,0
244.759995,206.098007,0
668.22699,357.753998,0
370.337006,190.397995,0
563.017029,62.695999,0
373.798004,54.314999,0
58.662998,423.165009,0
653.637024,313.105011,0
533.044983,34.978001,0
638.583008,365.649994,0
551.163025,99.690002,0
157.011002,50.212002,0
632.502991,333.635986,0
271.634003,365.428009,0
104.682999,452.03299,0
452.550995,28.209999,0
10.613,220.070007,0
70.071999,219.559006,0
624.851013,318.255005,0
654.723999,309.14801,0
18.233999,386.425995,0
376.82901,135.136002,0
628.156006,354.216003,0
647.992981,338.789001,0
635.27301,308.157013,0
685.143005,283.205994,0
490.091003,436.5,0
639.958984,335.242004,0
623.190979,38.668999,0
56.592999,259.653992,0
602.859009,107.010002,0
376.256989,170.332993,0
57.620998,204.113998,0
531.218994,468.524994,0
661.580017,465.583008,0
30.549999,200.938004,0
601.695984,28.535,0
675.367981,468.875,0
68.213997,129.227997,0
319.237,235.703995,0
447.701996,421.298004,0
496.618011,318.632996,0
622.679016,320.842987,0
208.164993,344.73999,0
233.434006,42.089001,0
103.226997,43.122002,0
109.970001,248.891006,0
157.923004,226.324005,0
676.333984,324.884003,0
217.862,298.006012,0
644.002991,320.565002,0
333.398987,456.705994,0
657.487,282.946991,0
341.816986,62.240002,0
372.02301,229.240005,0
688.903992,400.265015,0
216.832993,382.61499,0
277.158997,343.596008,0
526.791992,183.585999,0
578.890015,233.964005,0
32.858002,28.35,0
97.546997,439.266998,0
271.997009,376.684998,0
96.516998,364.527008,0
239.332001,366.838989,0
285.061005,374.411987,0
602.88501,343.062012,0
97.968002,29.370001,0
642.406982,309.565002,0
416.678986,464.031006,0
272.95401,221.740005,0
483.291992,266.612,0
96.503998,55.868,0
636.213013,306.174011,0
220.173004,465.782013,0
601.65802,355.928009,0
392.273987,213.949005,0
661.0,318.080994,0
265.529999,229.912003,0
656.900024,254.744995,0
601.801025,126.418999,0
674.817993,324.548004,0
216.070007,40.847,0
31.9,260.316986,0
619.971008,343.839996,0
639.416016,342.035004,0
88.934998,341.535004,0
382.307007,170.710999,0
639.364014,352.341003,0
316.306,449.720001,0
209.018997,344.023987,0
657.947998,263.916992,0
399.186005,79.236,0
382.96701,93.806,0
272.063995,321.869995,0
559.901001,46.688,0
217.488998,49.816002,0
380.093994,50.881001,0
382.388,167.429993,0
222.675003,202.496002,0
632.171997,348.64801,0
380.007996,368.161011,0
32.655998,127.236,0
376.317993,177.912994,0
376.324005,232.628006,0
269.829987,343.845001,0
133.720001,126.134003,0
683.671997,330.533997,0
665.56897,368.967987,0
29.612,444.678986,0
176.630005,131.328003,0
663.551025,333.265015,0
31.254999,191.835007,0
233.425003,342.846985,0
626.16803,325.358002,0
154.330994,123.141998,0
277.187012,50.123001,0
640.47699,370.299988,0
657.992981,271.325012,0
113.161003,464.919006,0
377.822998,211.261993,0
658.984985,329.158997,0
647.21698,340.106995,0
672.075012,461.928009,0
566.382996,104.563004,0
32.469002,54.555,0
649.896973,326.714996,0
363.502014,178.774994,0
376.446014,211.813004,0
659.838013,353.261993,0
667.494019,349.054993,0
378.281006,449.335999,0
376.740997,222.345001,0
282.149994,343.131012,0
78.887001,264.888,0
597.099976,146.136002,0
643.841003,329.339996,0
456.417999,126.358002,0
156.841003,123.403,0
657.487,307.73999,0
28.351999,211.028,0
512.94397,271.19101,0
43.223,225.792999,0
143.966003,25.908001,0
663.104004,332.218994,0
638.721985,361.497009,0
648.966003,356.048004,0
680.669983,387.036011,0
388.678986,199.921005,0
377.117004,60.236,0
175.917999,38.721001,0
677.23999,171.324005,0
593.27301,91.797997,0
468.746002,262.144989,0
629.984985,325.962006,0
86.696999,31.889,0
355.113007,102.169998,0
21.834999,396.470001,0
560.0,40.344002,0
631.857971,316.90799,0
649.169983,316.174011,0
308.700989,220.709,0
40.584,245.417007,0
377.234985,156.330994,0
673.088989,366.536987,0
661.827026,333.678009,0
415.653992,449.171997,0
496.562012,469.368988,0
648.559998,29.521999,0
421.200012,24.483999,0
621.093994,341.006012,0
661.429993,372.276001,0
415.453003,246.524994,0
217.768997,348.277008,0
217.658997,194.005997,0
493.102997,269.022003,0
394.190002,157.397003,0
204.496002,324.872986,0
497.529999,297.817993,0
238.824005,217.365997,0
422.694,217.356995,0
32.537998,29.874001,0
621.877991,67.821999,0
217.335999,315.332001,0
655.927979,331.411011,0
135.955002,235.242004,0
522.145996,49.403999,0
239.255005,228.132004,0
51.939999,426.623993,0
642.002014,353.056,0
588.627991,181.076004,0
654.086975,465.03299,0
364.493988,57.263,0
388.044006,67.294998,0
88.780998,365.154999,0
154.207993,229.276993,0
56.188999,237.410995,0
602.184021,64.963997,0
32.206001,412.338989,0
156.341003,458.144989,0
158.901001,59.012001,0
262.919006,33.311001,0
564.622986,39.000999,0
391.388,211.356995,0
668.719971,331.347992,0
97.227997,39.798,0
671.606995,357.005005,0
209.552002,342.200989,0
639.466003,312.161987,0
158.615997,217.895996,0
660.04303,342.651001,0
217.054001,130.626007,0
157.626999,205.548004,0
377.162994,142.431,0
377.093994,66.892998,0
602.388977,74.783997,0
286.177002,342.243988,0
655.112,337.112,0
654.479004,321.520996,0
625.208984,346.770996,0
625.286011,61.301998,0
660.133972,348.67099,0
7.001,134.085007,0
642.791016,313.635986,0
377.19101,109.823997,0
354.954987,191.406998,0
591.883972,185.063995,0
647.05603,324.765991,0
431.481995,209.800003,0
359.970001,140.151001,0
443.623993,220.158997,0
374.923004,450.61499,0
225.108994,217.654007,0
272.598999,206.186005,0
31.709999,452.782013,0
374.59201,163.363007,0
582.677002,215.259003,0
271.53299,53.355999,0
249.069,390.126007,0
302.201996,299.141998,0
601.030029,44.916,0
217.597,306.761993,0
554.580017,95.031998,0
551.372009,106.818001,0
497.891998,274.666992,0
32.252998,37.026001,0
674.844971,91.435997,0
559.947021,344.312988,1
616.35199,120.436996,1
611.283997,432.894012,1
549.994995,287.118011,1
635.14801,78.228996,1
653.869995,194.169998,1
623.97699,204.332001,1
612.380005,216.447006,1
602.072998,445.596985,1
623.252014,278.526001,1
518.741028,368.730988,1
548.348022,415.316986,1
635.244995,103.794998,1
624.719971,96.987999,1
552.921997,395.179993,1
661.356995,140.723999,1
637.992004,112.942001,1
546.004028,405.954987,1
631.098022,218.350998,1
557.155029,319.102997,1
657.495972,113.950996,1
563.450012,433.303009,1
553.119019,330.291992,1
633.658997,79.555,1
620.586975,92.958,1
625.101013,414.690002,1
566.065002,308.455994,1
507.816986,371.654999,1
629.950989,269.953003,1
595.383972,448.040985,1
517.302979,420.662994,1
642.843994,172.613998,1
507.079987,406.498993,1
555.47699,422.029999,1
561.544006,418.963013,1
599.434998,165.091003,1
643.814026,70.362,1
582.679016,290.977997,1
516.612,398.752014,1
623.314026,416.785004,1
631.922974,124.433998,1
639.049988,120.490997,1
577.08197,461.730988,1
555.070984,427.039001,1
631.849976,168.908997,1
653.301025,401.141998,1
512.211975,340.214996,1
632.044006,453.373993,1
509.272003,429.165985,1
582.54303,378.020996,1
639.320007,141.339996,1
532.578003,366.661987,1
648.370972,108.966003,1
636.494995,129.319,1
604.757996,405.312988,1
664.711975,436.912994,1
655.63501,427.006012,1
656.658997,400.52301,1
604.874023,427.847992,1
666.437988,415.800995,1
590.237,253.125,1
532.413025,360.279999,1
668.520996,441.214996,1
625.083984,237.617004,1
501.71701,341.031006,1
513.127014,325.575989,1
564.893982,308.622009,1
589.27301,287.346008,1
572.525024,310.947998,1
606.442017,451.877991,1
573.789001,441.372986,1
657.926025,110.916,1
659.755981,427.82901,1
617.968018,439.549988,1
535.414001,376.078003,1
568.10199,432.006012,1
569.486023,398.253998,1
607.867004,257.979004,1
629.853027,94.010002,1
672.278015,438.864014,1
513.051025,360.575989,1
505.152008,345.752991,1
627.55603,156.195999,1
573.802002,406.423004,1
569.171997,311.506012,1
602.512024,434.843994,1
642.716003,431.826996,1
637.039978,137.548996,1
583.867004,453.852997,1
609.564026,277.598999,1
543.364014,420.649994,1
650.80603,149.220993,1
618.98999,433.661987,1
625.307007,223.067001,1
600.010986,401.367004,1
544.142029,321.595001,1
510.187012,332.044006,1
612.083984,165.335007,1
627.695007,212.934006,1
602.372986,453.471985,1
513.052002,327.471985,1
650.752991,106.275002,1
540.549988,353.709991,1
627.27002,154.610992,1
496.016998,410.996002,1
547.195007,424.432007,1
522.89502,318.709015,1
658.601013,400.339996,1
598.585999,284.882996,1
609.16803,245.070007,1
607.796021,225.123001,1
602.632019,213.401993,1
583.814026,455.115997,1
605.903015,233.998001,1
497.256989,412.799011,1
598.297974,430.209015,1
607.164978,437.833008,1
542.822021,330.971985,1
610.950989,447.127991,1
566.338989,452.329987,1
551.22699,277.834991,1
653.344971,439.667999,1
643.250977,178.960999,1
630.932983,261.074005,1
642.065979,200.341995,1
645.991028,76.435997,1
631.18103,90.578003,1
657.823975,228.440994,1
566.71698,383.033997,1
643.028015,447.592987,1
624.372009,132.507004,1
565.244019,304.848999,1
567.411011,281.058014,1
614.085999,282.567993,1
619.976013,390.391998,1
628.52002,171.490005,1
601.03302,200.945007,1
623.906006,118.384003,1
531.416992,297.812988,1
620.419006,259.859009,1
522.187012,411.914001,1
620.39801,221.266998,1
537.086975,387.766998,1
512.629028,359.975006,1
646.875,444.993011,1
514.213013,405.945007,1
643.419983,175.623993,1
618.039001,269.868988,1
603.174011,304.140015,1
522.461975,396.860992,1
502.875,340.617004,1
519.322021,320.20401,1
545.252991,396.721985,1
589.913025,410.968994,1
610.960999,213.425003,1
631.138,206.869003,1
590.34198,249.714005,1
643.041992,102.249001,1
556.635986,464.757996,1
512.729004,356.432007,1
570.276001,374.890015,1
518.666016,401.981995,1
606.236023,220.901993,1
586.265991,455.924988,1
573.663025,462.704987,1
597.16803,307.881012,1
558.78302,412.257996,1
650.567993,245.537003,1
642.241028,176.610992,1
642.867981,221.354004,1
525.328979,408.777008,1
549.710022,411.792999,1
641.911987,69.421997,1
649.059998,442.005005,1
532.861023,366.229004,1
625.557983,283.421997,1
529.494019,322.420013,1
625.69397,459.377991,1
602.16803,422.725006,1
543.89502,320.299988,1
571.987976,291.747009,1
631.853027,261.096985,1
544.935974,317.088989,1
643.434998,254.826004,1
611.004028,188.731003,1
666.450012,430.233002,1
620.533997,164.018997,1
530.895996,320.019012,1
606.807007,295.503998,1
606.455994,421.615997,1
603.078979,404.593994,1
670.909973,433.433014,1
644.494019,235.511993,1
497.907013,354.890015,1
660.822998,135.347,1
634.114014,433.450012,1
559.536011,338.843994,1
676.58197,437.993011,1
646.799011,197.472,1
496.812988,353.347992,1
535.007019,354.878998,1
629.250977,148.397995,1
650.411011,144.175995,1
584.044983,460.295013,1
530.979004,357.847992,1
641.492981,439.113007,1
497.19101,364.911011,1
503.098999,423.039001,1
609.088989,438.151001,1
638.343994,242.192993,1
641.250977,195.324005,1
615.034973,280.036011,1
632.078979,229.300995,1
645.005005,167.335999,1
586.054993,289.411987,1
507.259003,357.553986,1
606.664001,427.973999,1
639.309998,112.692001,1
613.143005,237.416,1
652.585022,401.112,1
555.59198,336.678009,1
556.369995,347.520996,1
535.098022,457.578003,1
602.530029,160.501007,1
611.492004,402.035004,1
549.942993,317.278992,1
596.122009,280.356995,1
639.620972,422.884003,1
566.252014,376.006012,1
554.338013,388.842987,1
655.874023,420.082001,1
568.677979,459.886993,1
521.288025,316.06601,1
598.424011,231.225006,1
591.562988,282.493011,1
525.280029,448.942993,1
529.017029,407.446991,1
658.909973,101.957001,1
659.973022,99.188004,1
667.921997,425.279999,1
613.903015,238.636002,1
632.028015,194.416,1
550.296021,339.131012,1
624.526978,393.526001,1
657.958984,74.239998,1
629.085022,114.788002,1
527.784973,370.381012,1
661.619995,150.406998,1
523.778992,391.453003,1
627.927002,153.175003,1
609.559998,258.665985,1
652.830994,202.270004,1
505.591003,349.721985,1
638.328979,414.601013,1
571.177979,434.044006,1
531.383972,344.036011,1
618.075012,456.074005,1
549.437988,368.815002,1
635.057007,99.889999,1
506.164001,404.553009,1
633.625,233.770996,1
611.046021,256.673004,1
615.432007,139.733994,1
525.257019,321.554993,1
630.330017,266.549988,1
549.872986,356.255005,1
639.052002,110.412003,1
514.380005,372.153992,1
640.049988,125.600998,1
524.60498,299.438995,1
608.171997,452.337006,1
554.075989,304.110992,1
581.364014,307.078003,1
628.820007,397.226013,1
630.731018,266.084015,1
637.916016,457.003998,1
636.304016,444.109985,1
601.466003,191.121994,1
497.553009,400.884003,1
633.077026,198.802002,1
648.567993,204.735001,1
574.786987,305.203003,1
662.650024,136.899002,1
583.117981,396.92099,1
658.924011,398.066986,1
515.617004,398.462006,1
545.987976,437.963989,1
528.900024,290.941986,1
541.809998,414.169006,1
541.731995,321.997986,1
633.093018,198.324005,1
529.145996,440.194,1
612.513,143.199005,1
538.379028,354.709991,1
667.072998,425.589996,1
520.395996,447.218994,1
555.273987,280.162994,1
651.960999,104.438004,1
540.005005,377.290985,1
546.895996,403.263,1
558.700012,146.264008,2
476.503998,219.401001,2
532.405029,255.865005,2
460.240997,206.378006,2
496.434998,124.014999,2
492.450989,131.384995,2
510.183014,142.281998,2
505.463013,119.071999,2
522.708984,244.417999,2
484.316986,233.798004,2
493.283997,129.613007,2
484.38501,243.903,2
515.799988,142.339996,2
508.166992,224.352005,2
569.340027,166.475998,2
513.598022,215.104996,2
525.507019,146.164993,2
496.5,219.106995,2
496.09201,204.783005,2
560.987976,187.839005,2
570.796997,159.531998,2
490.593994,237.162994,2
492.485992,242.048004,2
514.466003,115.259003,2
549.127991,194.162003,2
578.497009,170.195999,2
567.028992,155.563995,2
552.228027,161.539001,2
515.357971,119.684998,2
521.210022,123.622002,2
578.570984,153.889008,2
487.132996,205.447006,2
580.528992,152.580002,2
554.815002,152.132996,2
552.114014,174.774002,2
504.128998,126.134003,2
565.583008,151.671997,2
572.994019,157.854996,2
520.763977,240.516006,2
534.81897,219.895004,2
555.218018,155.697998,2
573.338989,199.369995,2
578.552002,176.175995,2
530.870972,239.966003,2
525.236023,224.789993,2
523.077026,124.959999,2
536.594971,243.718994,2
538.48999,225.423004,2
551.065002,242.546997,2
472.959015,199.192001,2
573.763977,161.151993,2
554.85498,194.481003,2
473.846008,195.783997,2
542.241028,147.626007,2
487.795013,238.763,2
493.326996,124.913002,2
500.648987,230.050003,2
522.190002,234.212006,2
563.059998,162.438004,2
536.098022,149.819,2
529.145996,213.373993,2
464.184998,218.973999,2
514.143982,129.276001,2
530.91803,125.498001,2
515.19397,222.449997,2
551.952026,205.925003,2
509.126007,233.748993,2
518.364014,251.863998,2
569.030029,160.591003,2
561.421021,166.072006,2
558.505981,148.826996,2
539.702026,233.505997,2
541.085022,244.472,2
515.577026,126.163002,2
546.150024,202.697006,2
521.854004,138.205994,2
509.580994,247.964005,2
489.701996,224.149994,2
530.330994,213.716003,2
548.299988,152.550995,2
475.152008,211.815002,2
495.601013,248.016006,2
555.510986,236.319,2
506.184998,122.431999,2
520.077026,215.481995,2
545.125977,211.802002,2
553.997009,171.033005,2
528.375977,135.248993,2
546.60498,151.649994,2
559.703979,133.75,2
574.364014,179.509995,2
534.116028,154.514008,2
516.697998,142.955002,2
560.625977,201.339005,2
516.723022,139.649002,2
499.066986,213.026993,2
570.13501,181.315994,2
555.973999,240.664993,2
465.385986,211.468002,2
549.935974,207.559006,2
508.455994,222.485992,2
525.994995,118.953003,2
546.877991,163.681,2
532.054993,122.723999,2
534.593994,252.169006,2
548.023987,195.492996,2
504.385986,117.292999,2
482.309998,243.417999,2
477.520996,244.574005,2
540.057007,242.031998,2
574.776001,149.666,2
557.546021,183.662994,2
540.291016,213.438004,2
557.155029,153.820999,2
551.846008,125.894997,2
465.273987,212.992004,2
506.290009,141.356995,2
480.471008,223.324997,2
569.252014,150.449997,2
563.976013,166.470001,2
504.597992,124.780998,2
564.062012,150.091003,2
523.296997,130.406998,2
532.656982,132.973999,2
474.830994,206.714996,2
548.843994,142.901001,2
541.955994,125.613998,2
552.875,227.934006,2
538.66803,224.481995,2
563.570984,171.007996,2
495.830994,242.585999,2
569.750977,159.850998,2
533.888977,127.492996,2
494.98999,128.921005,2
509.415985,134.110001,2
505.865997,129.024002,2
498.069,245.934998,2
569.61499,206.820999,2
475.069,220.199997,2
505.26001,115.024002,2
520.98999,222.182999,2
537.620972,221.067993,2
490.549988,214.938004,2
467.773987,208.225006,2
564.375,214.272003,2
517.559021,238.296997,2
532.91803,129.125,2
544.403992,197.375,2
528.184998,247.660995,2
505.328003,229.270004,2
565.89502,174.815994,2
528.968018,122.713997,2
528.08197,237.987,2
471.001007,209.154007,2
484.13501,234.598007,2
560.799011,136.882996,2
561.424011,218.270996,2
558.742004,201.584,2
535.268005,248.268997,2
553.130981,214.033005,2
524.403015,131.164001,2
564.044006,159.546005,2
506.057007,119.873001,2
497.326996,224.410004,2
564.156982,207.981003,2
500.450012,118.780998,2
524.096008,142.768997,2
570.981018,139.916,2
536.335999,125.359001,2
565.776978,204.761002,2
564.218018,154.309998,2
533.984009,213.973999,2
554.245972,175.720993,2
557.804993,167.451004,2
527.025024,156.968002,2
501.173004,209.048996,2
497.050995,108.111,2
520.380981,124.810997,2
504.03299,253.860992,2
515.768005,260.743988,2
497.417999,128.429993,2
576.900024,143.794998,2
478.958008,208.882996,2
551.177002,134.990005,2
568.588013,190.194,2
571.421021,153.628006,2
498.584991,224.761002,2
475.796997,229.371002,2
575.176025,153.382004,2
473.140991,226.501007,2
537.835999,243.776993,2
520.421997,137.279999,2
533.36499,252.779999,2
485.664001,238.227997,2
535.0,155.746002,2
512.989014,248.854996,2
469.175995,222.121994,2
476.785004,207.988007,2
532.534973,124.962997,2
565.622009,159.177002,2
476.77301,201.682007,2
550.252991,160.350998,2
488.710999,218.802002,2
508.947998,215.783005,2
543.85199,205.453003,2
507.342987,134.830002,2
528.705017,144.860992,2
571.997009,185.255005,2
534.237,231.182007,2
487.709991,214.871002,2
525.344971,249.365005,2
506.287994,123.926003,2
531.364014,141.884995,2
559.487,230.511993,2
524.731995,238.682007,2
565.573975,219.882996,2
517.507996,222.677002,2
572.341003,183.794998,2
513.424988,247.720001,2
507.541992,247.408005,2
560.984985,223.134003,2
470.307007,210.925003,2
560.184021,192.289993,2
469.074005,215.317001,2
568.75,190.522003,2
565.390991,162.419998,2
552.33197,170.764999,2
491.963013,225.395996,2
485.406006,193.973007,2
574.184998,161.593002,2
538.442017,120.652,2
510.652008,238.151001,2
491.700012,235.598007,2
549.89801,182.936005,2
479.440002,221.889008,2
501.143005,118.434998,2
528.38501,149.093002,2
502.949005,238.716003,2
496.040985,112.870003,2
477.382996,206.462006,2
585.416992,154.119995,2
551.348999,159.414993,2
519.562012,234.658005,2
514.564026,214.179993,2
476.158997,213.082001,2
532.234009,210.612,2
546.143982,234.929993,2
552.099976,179.746994,2
472.424011,223.373993,2
487.013,214.470993,2
493.584991,227.615997,2
550.692017,214.319,2
540.10199,252.257004,2
498.238007,126.196999,2
576.499023,196.431,2
537.98999,217.917007,2
568.702026,153.539993,2
531.057983,235.723007,2
490.804993,207.901993,2
524.109985,142.356003,2
528.51001,145.593994,2
555.919006,231.330002,2
547.374023,204.987,2
545.828979,238.451004,2
533.30603,218.951004,2
519.289001,252.735001,2
502.584991,246.656998,2
512.500977,118.821999,2
535.715027,214.516998,2
523.702026,126.336998,2
545.791992,198.292007,2
552.025024,183.050995,2
558.492004,176.966003,2
523.439026,153.220993,2
551.870972,163.962997,2
543.333984,219.389008,2
537.70697,228.845001,2
506.60199,239.498001,2
578.749023,155.158005,2
522.583984,107.244003,2
557.549011,203.253006,2
527.297974,137.360001,2
548.689026,161.410004,2
551.010986,149.554993,2
530.052979,235.845001,2
485.44101,236.809006,2
553.400024,150.481995,2
554.132996,189.464005,2
528.479004,126.851997,2
549.515991,160.600998,2
535.374023,124.987,2
526.414978,221.975998,2
550.427002,140.703003,2
516.453003,256.845001,2
563.395996,154.951996,2
523.585022,124.225998,2
504.878998,223.244995,2
556.017029,129.035995,2
557.708008,143.807999,2
479.701996,241.156006,2
500.821991,75.995003,3
456.451996,70.103996,3
469.096985,63.404999,3
510.345001,102.037003,3
500.674011,70.160004,3
537.606018,91.828003,3
468.505005,63.443001,3
469.419006,144.455002,3
435.46701,73.684998,3
423.127991,135.835007,3
450.016998,162.981995,3
472.287994,61.417999,3
492.165985,86.233002,3
491.238007,85.736,3
485.634003,43.419998,3
453.360992,162.675995,3
473.428986,54.297001,3
446.989014,60.667999,3
420.157013,119.102997,3
517.664978,70.057999,3
475.622986,40.736,3
431.151001,130.783005,3
436.927002,140.483994,3
496.910004,54.550999,3
435.647003,119.950996,3
456.352997,64.246002,3
423.317993,149.014999,3
480.505005,59.467999,3
459.976013,59.185001,3
445.147003,137.412994,3
436.160004,99.510002,3
485.223999,67.012001,3
456.890015,62.59,3
486.315002,77.067001,3
523.887024,82.848999,3
464.638,57.016998,3
449.566986,157.785004,3
436.470001,132.126999,3
450.067993,144.072998,3
489.031006,69.125,3
457.622009,78.070999,3
436.960999,122.861,3
456.729004,174.082993,3
454.205994,88.788002,3
522.968018,80.293999,3
434.352997,152.582993,3
434.226013,100.897003,3
513.085999,50.537998,3
486.246002,44.443001,3
469.881012,158.339996,3
432.920013,165.804993,3
499.128998,175.188004,3
484.425995,159.591995,3
423.113007,133.675003,3
448.403015,143.207001,3
481.596008,150.746994,3
523.711975,75.024002,3
426.097992,131.962997,3
460.388,68.038002,3
470.216003,82.182999,3
455.645996,75.527,3
425.753998,121.133003,3
433.424988,89.113998,3
490.429993,170.147003,3
456.302002,53.181,3
521.958008,89.828003,3
504.803009,68.302002,3
455.416992,72.168999,3
426.709015,125.924004,3
490.549988,175.205994,3
458.55899,64.913002,3
504.368011,86.235001,3
439.256989,74.560997,3
448.46701,127.331001,3
429.476013,147.654999,3
448.597992,166.009995,3
466.588013,170.358994,3
479.846008,56.837002,3
422.266998,101.899002,3
432.759003,73.504997,3
476.721008,170.638,3
492.286987,169.778,3
538.380981,91.417999,3
482.455994,41.754002,3
443.234985,143.867996,3
446.605988,163.869003,3
470.480988,145.345993,3
530.934021,91.579002,3
472.289001,170.257996,3
499.141998,75.432999,3
520.101013,59.174999,3
503.459015,90.054001,3
532.203003,96.017998,3
466.089996,154.477997,3
492.553986,156.945007,3
437.222992,89.015999,3
436.786987,132.524002,3
457.876007,50.035999,3
461.584015,77.570999,3
441.214996,86.745003,3
427.455994,134.679993,3
489.078003,161.763,3
503.446014,73.821999,3
469.035004,155.807999,3
462.713989,48.953999,3
450.308014,137.647995,3
506.118988,92.783997,3
485.90799,168.300995,3
476.391998,49.034,3
471.562012,60.813999,3
493.471985,172.016998,3
525.190979,87.662003,3
481.769989,59.764999,3
451.645996,148.535995,3
511.977997,62.112,3
474.781006,38.977001,3
512.411011,71.274002,3
429.575012,124.241997,3
430.053009,101.570999,3
494.350006,175.427002,3
494.46701,84.637001,3
462.196991,148.753006,3
442.897003,104.763,3
446.239014,65.364998,3
513.937012,70.570999,3
476.220001,155.419998,3
444.186005,74.773003,3
431.200012,91.078003,3
428.501007,118.391998,3
508.049988,52.537998,3
525.75,97.572998,3
455.32901,78.196999,3
449.855988,99.008003,3
451.223999,145.774994,3
480.951996,172.104004,3
481.533997,161.421997,3
529.25,73.029999,3
475.536987,151.384003,3
438.752991,110.449997,3
506.497009,171.391006,3
506.381012,55.862999,3
429.19101,112.406998,3
441.083008,165.113998,3
524.046997,73.32,3
435.683014,124.078003,3
444.002014,73.804001,3
505.548004,65.546997,3
430.459991,81.728996,3
509.678986,55.014999,3
499.779999,161.895996,3
432.316986,160.662003,3
447.648987,113.891998,3
474.061005,83.219002,3
496.501007,44.894001,3
444.282013,163.070999,3
482.906006,167.341003,3
509.992004,76.792,3
468.825012,57.849998,3
527.898987,70.889999,3
427.845001,139.380997,3
482.255005,82.785004,3
437.040985,89.337997,3
430.441986,157.873993,3
453.493011,76.944,3
468.386993,174.449005,3
452.837006,67.247002,3
462.479004,79.377998,3
452.694,58.148998,3
461.867004,40.888,3
462.699005,176.173004,3
461.579987,60.666,3
474.355011,157.682007,3
441.635986,66.402,3
466.811005,38.57,3
479.053986,182.983002,3
458.369995,86.004997,3
450.256989,157.572006,3
435.367004,142.662003,3
439.347992,100.107002,3
467.237,163.014999,3
447.242004,145.225998,3
480.842987,46.226002,3
455.09201,60.095001,3
513.166992,84.627998,3
456.320007,85.624001,3
535.768005,87.931999,3
425.748993,85.653,3
456.303009,145.076996,3
477.005005,179.119995,3
464.197998,48.134998,3
476.080994,75.411003,3
459.139008,83.194,3
483.980011,70.809998,3
427.561005,139.399994,3
507.53299,49.271,3
477.153015,157.701004,3
462.584991,46.923,3
513.427002,54.353001,3
427.786987,101.296997,3
435.522003,133.5,3
492.019989,173.322998,3
525.249023,83.088997,3
458.56601,77.112,3
448.946014,86.544998,3
479.144012,166.945999,3
501.549988,61.488998,3
468.984985,159.886002,3
441.622009,82.711998,3
473.494995,40.794998,3
437.355988,130.022003,3
515.119995,66.086998,3
474.394012,90.543999,3
491.498993,155.056,3
450.641998,70.155998,3
490.389008,46.648998,3
442.082001,164.869995,3
488.404999,161.466995,3
495.195007,73.121002,3
455.690002,139.929993,3
471.723999,172.447006,3
449.420013,133.343002,3
503.278015,44.348,3
526.802002,96.915001,3
437.22699,133.121002,3
492.535004,56.235001,3
454.322998,71.044998,3
536.04303,82.472,3
436.565002,69.223999,3
429.846985,89.107002,3
474.742004,161.518005,3
517.588989,55.821999,3
478.345001,159.367996,3
531.935974,83.234001,3
482.756989,180.824005,3
495.535004,79.421997,3
440.40799,146.542007,3
529.75,91.084999,3
496.493988,151.578995,3
516.536987,90.714996,3
531.190002,85.055,3
460.333008,87.264,3
529.98999,82.646004,3
487.128998,71.482002,3
470.867004,173.925995,3
490.302002,50.078999,3
452.446014,166.813995,3
497.729004,179.009995,3
467.812988,64.478996,3
505.22699,95.383003,3
474.38501,166.210999,3
504.209015,54.490002,3
496.628998,150.209,3
473.809998,148.496002,3
443.898987,126.905998,3
447.36499,103.667999,3
450.528992,79.528999,3
471.751007,63.191002,3
478.584015,54.568001,3
485.404999,162.723999,3
431.678009,78.412003,3
501.01001,56.181999,3
475.391998,161.703995,3
500.460999,158.600006,3
491.053009,68.219002,3
433.889008,100.898003,3
433.709015,143.261993,3
492.845001,83.635002,3
474.07901,44.257,3
449.195007,73.234001,3
435.549988,145.395004,3
438.792999,76.570999,3
445.329987,163.444,3
509.960999,88.615997,3
436.248993,158.343994,3
467.828003,146.792007,3
460.649994,88.260002,3
488.289001,153.917007,3
446.871002,147.759003,3
460.404999,165.011002,3
485.351013,154.240005,3
453.515991,150.242004,3
493.330994,157.033997,3
506.337006,55.812,3
525.932007,88.421997,3
502.674011,67.574997,3
461.130005,164.276001,3
445.338989,57.293999,3
535.22699,85.102997,3
433.727997,140.542999,3
437.015991,108.485001,3
495.571991,78.745003,3
462.238007,70.642998,3
439.059998,107.824997,3
440.213013,119.334,3
477.731995,71.571999,3
440.871002,141.203995,3
452.31601,94.416,3
429.247986,138.641998,3
421.60199,117.717003,3
517.273987,90.570999,3
188.626999,340.490997,4
172.453003,308.936005,4
147.731995,339.156006,4
183.167999,372.222992,4
200.468002,335.644012,4
194.451996,363.122986,4
144.132996,356.156006,4
153.212997,372.875,4
180.744995,302.606995,4
148.746002,378.540985,4
144.727005,363.410004,4
191.472,347.015015,4
140.854996,327.583008,4
153.878006,372.265991,4
142.710007,325.194,4
193.875,342.381989,4
129.386993,349.743011,4
174.292007,360.506012,4
162.438995,330.402008,4
132.656006,331.184998,4
170.632004,314.182007,4
185.735001,367.088013,4
134.386002,366.977997,4
166.847,365.966003,4
133.326004,361.270996,4
192.332993,344.489014,4
132.526993,342.140015,4
176.322998,320.221008,4
153.878998,308.063995,4
157.945007,313.479004,4
161.772995,350.403992,4
153.636002,309.867004,4
157.632004,384.822998,4
163.164993,360.652008,4
178.289993,308.199005,4
183.097,321.516998,4
136.664993,372.196014,4
181.876007,371.0,4
183.210007,330.199005,4
188.031006,330.014008,4
134.528,363.790985,4
139.509995,363.320007,4
156.522995,355.480988,4
142.494003,336.649994,4
163.309998,352.216003,4
171.087006,381.14801,4
165.108002,372.558014,4
164.263,318.377991,4
129.658005,342.358002,4
162.121994,382.798004,4
151.533997,315.213989,4
129.886002,321.569,4
177.643997,375.251007,4
161.373993,306.955994,4
157.917007,387.660004,4
147.813004,369.184998,4
152.572998,340.153015,4
155.442001,321.544006,4
165.619995,340.658997,4
165.307999,346.644989,4
135.884995,322.669006,4
176.649994,371.484985,4
178.072006,357.200989,4
181.242996,338.971008,4
162.572998,347.153992,4
153.410004,309.122009,4
166.136993,324.252014,4
151.692993,379.097992,4
188.057007,323.825012,4
170.311005,372.819,4
185.037994,359.300995,4
182.503998,349.96701,4
158.766006,351.059998,4
136.505005,358.880005,4
172.167007,311.873993,4
197.029007,342.743011,4
126.171997,329.498993,4
182.561005,338.071991,4
183.617004,352.57901,4
154.580994,366.177002,4
175.238007,351.863007,4
165.882996,375.174011,4
162.725006,339.915009,4
131.330994,362.040985,4
133.869995,335.019989,4
184.505005,367.276001,4
171.828995,319.959015,4
171.973007,379.312012,4
178.037003,343.671997,4
152.464996,352.623993,4
149.735001,334.981995,4
179.421997,376.980988,4
189.214005,322.730011,4
183.897995,345.109009,4
163.160995,324.580994,4
156.063995,334.575989,4
179.201996,346.053986,4
125.621002,323.664001,4
141.667999,357.731995,4
187.151993,331.229004,4
141.477997,367.346008,4
173.998993,311.140991,4
175.112,368.541992,4
152.654999,345.182007,4
148.658005,310.89801,4
163.835007,319.752991,4
185.158997,347.30899,4
166.457993,380.609009,4
157.649002,325.401001,4
129.503998,310.580994,4
129.550003,345.552002,4
156.466003,354.278015,4
171.970001,358.247986,4
186.733994,340.229004,4
149.332001,322.096008,4
153.998993,372.535004,4
166.837997,308.484985,4
123.220001,338.794006,4
151.128998,329.513,4
179.783005,315.420013,4
128.483994,330.467987,4
125.460999,331.571991,4
191.181,349.959015,4
160.856995,321.877991,4
156.628006,383.220001,4
127.508003,350.464996,4
156.903,318.773987,4
139.807007,367.959015,4
193.837997,341.343994,4
170.276001,356.239014,4
194.253998,354.981995,4
199.449005,347.092987,4
133.565994,324.191986,4
147.783005,322.338013,4
186.514008,352.920013,4
162.182007,334.562012,4
176.309998,366.005005,4
148.044998,369.218994,4
132.796005,343.359009,4
156.779999,345.440002,4
158.233994,316.941986,4
134.442993,361.954987,4
138.190994,369.528015,4
147.041,318.235992,4
166.919998,377.0,4
157.438995,302.479004,4
151.856003,375.166992,4
141.281006,371.238007,4
128.738998,347.509003,4
142.145996,332.209015,4
138.356003,322.928009,4
127.327003,350.90799,4
148.289993,315.924011,4
146.412003,346.528015,4
159.181,354.446991,4
151.764008,346.700989,4
163.283005,357.158997,4
188.610992,358.993011,4
169.621002,311.191986,4
179.727005,378.364014,4
173.880997,311.36499,4
129.106995,332.022003,4
160.227005,327.049011,4
156.457993,375.757996,4
167.617004,356.14801,4
175.567993,353.932007,4
158.873001,304.665985,4
155.613007,377.032013,4
145.897003,328.558014,4
176.628998,350.002014,4
168.822998,350.884003,4
154.565994,357.726013,4
188.384995,321.230988,4
191.511002,346.678009,4
155.654999,378.908997,4
176.529999,343.546997,4
163.807999,359.445007,4
144.613998,320.949005,4
176.632004,371.200012,4
184.289993,333.656006,4
139.817001,338.042999,4
192.738998,338.015991,4
144.953995,312.145996,4
156.520004,379.932007,4
154.638,357.752991,4
138.513,374.242004,4
162.854996,318.992004,4
180.488998,376.036987,4
156.692993,302.621002,4
154.587997,342.123993,4
163.651993,340.605011,4
184.108994,355.875,4
146.962997,343.812012,4
152.479004,377.285004,4
151.897003,324.571991,4
158.701004,308.928986,4
174.798996,349.813995,4
159.852997,342.330994,4
176.865997,371.907013,4
167.759003,340.476013,4
174.195007,357.187012,4
131.505005,318.993011,4
185.253006,365.733002,4
184.005005,342.394989,4
152.505005,336.03299,4
158.326996,325.141998,4
164.317001,335.970001,4
174.682007,330.317993,4
184.608002,349.040985,4
132.061996,338.832001,4
153.550995,341.677002,4
164.085999,312.210999,4
150.882004,316.723999,4
178.136993,374.106995,4
142.977997,361.950012,4
172.742004,304.756012,4
167.173996,328.263,4
184.212006,340.279999,4
155.358002,377.928986,4
176.858994,316.822998,4
156.029999,330.695007,4
159.289993,325.281006,4
193.641006,326.221985,4
157.496994,371.65799,4
181.412994,319.817993,4
155.431,337.441986,4
125.968002,318.029999,4
143.621994,357.248993,4
195.007996,322.337006,4
142.126999,365.115997,4
191.520004,334.97699,4
153.001999,380.26001,4
187.175003,315.60199,4
155.643005,342.988007,4
170.830002,311.777008,4
125.822998,328.68399,4
181.365997,373.854004,4
187.593002,332.975006,4
149.487,350.862,4
143.917999,376.410004,4
162.707001,346.89801,4
170.253006,354.860992,4
136.332993,340.328003,4
129.026001,353.665009,4
142.781006,316.362,4
150.449005,322.890015,4
166.207993,356.760986,4
164.557999,361.975006,4
180.153,370.735992,4
140.490005,356.606995,4
157.432007,350.082001,4
184.485001,339.210999,4
155.220993,351.90799,4
132.035004,317.371002,4
180.488007,328.618011,4
171.281006,335.997986,4
174.503998,369.963013,4
166.320999,342.128998,4
153.865997,360.056,4
190.839005,370.035004,4
134.177002,332.105988,4
145.660995,359.162994,4
183.113007,329.122986,4
177.628998,375.40799,4
182.901001,351.725006,4
141.110001,368.968994,4
132.272003,317.660004,4
175.093994,321.902008,4
132.362,364.559998,4
170.356995,371.300995,4
154.945007,329.415985,4
159.167007,361.296997,4
174.807999,376.095001,4
129.897995,326.106995,4
177.794006,362.899994,4
124.875,333.152008,4
124.792999,348.795013,4
152.039001,347.884003,4
197.850998,329.588013,4
178.561996,321.285004,4
130.261002,336.273987,4
168.0,364.684998,4
131.505005,357.653992,4
168.091995,331.829987,4
169.774002,334.661987,4
152.292007,347.648987,4
179.408005,367.941986,4
171.960007,314.649994,4
146.451004,359.415985,4
153.608002,312.348999,4
138.570999,371.407013,4
146.358994,371.457001,4
178.429993,344.291992,4
168.300995,341.989014,4
168.582001,361.059998,4
183.552994,340.57901,4
186.492004,366.135986,4
159.841003,360.022003,4
179.363007,343.574005,4
181.996994,312.281006,4
342.130005,307.169006,5
371.596985,347.487,5
341.804993,361.755005,5
325.110992,316.065002,5
325.006989,335.296997,5
342.622986,325.799011,5
309.382996,352.445007,5
342.256989,305.088989,5
345.226013,306.391998,5
334.174011,380.343994,5
351.886993,311.602997,5
308.653992,346.355011,5
343.609009,335.423004,5
356.246002,320.109009,5
343.371002,365.18399,5
354.291992,352.268005,5
309.714996,369.428986,5
345.263,342.453003,5
347.843994,310.61499,5
337.822998,323.938995,5
339.596008,372.075012,5
340.234985,319.910004,5
368.539001,358.45401,5
371.97699,335.019989,5
311.259003,373.554993,5
340.122009,351.187988,5
321.091003,366.782013,5
330.765015,363.645996,5
361.789001,349.989014,5
345.192993,326.957001,5
369.88501,325.104004,5
349.612,378.528015,5
324.865997,350.670013,5
321.806,311.673004,5
306.36499,354.675995,5
326.158997,334.144989,5
333.921997,334.683014,5
304.768005,350.265015,5
349.174988,363.209015,5
308.729004,363.804993,5
318.373993,369.299011,5
345.476013,326.152008,5
313.786987,335.82901,5
345.196991,351.029999,5
330.354004,358.548004,5
318.34201,340.531006,5
344.281006,359.391998,5
351.338013,309.718994,5
323.81601,329.506989,5
325.786987,362.028992,5
345.011993,338.888,5
321.653992,366.675995,5
323.166992,328.544006,5
357.675995,314.311005,5
345.81601,370.028015,5
330.696991,351.165985,5
336.078003,350.881989,5
322.847992,300.397003,5
338.623993,306.105988,5
331.044006,347.595001,5
361.161987,352.626007,5
305.496002,325.816986,5
335.147003,314.890991,5
341.696014,375.322998,5
321.181,331.062988,5
314.833008,365.39801,5
311.152008,344.179993,5
307.798004,339.299988,5
337.52301,345.089996,5
326.05899,381.239014,5
343.360992,365.92099,5
324.640015,316.003998,5
342.96701,314.769012,5
357.019989,345.128998,5
327.575989,373.535004,5
308.795013,379.596008,5
367.062012,362.60199,5
306.347992,328.488007,5
309.96701,361.839996,5
376.023987,330.618988,5
307.505005,343.664001,5
343.402008,339.05899,5
310.510986,345.281006,5
310.145996,346.381989,5
331.360992,377.574005,5
377.959015,336.414001,5
346.309998,345.015015,5
345.290985,376.265991,5
355.764008,346.506012,5
353.332001,336.463989,5
327.372009,370.600006,5
320.544006,334.019012,5
334.649994,314.878998,5
338.882996,358.015015,5
371.463013,335.208008,5
365.498993,359.162994,5
362.763,354.907013,5
347.617004,370.36499,5
358.648987,352.705994,5
331.115997,347.73999,5
335.998993,373.256989,5
358.166992,332.937012,5
356.148987,333.641998,5
365.873993,366.731995,5
322.102997,345.899994,5
349.131989,351.454987,5
358.221985,339.085999,5
320.493988,340.691986,5
326.846008,358.511993,5
314.091003,333.808014,5
327.806,320.52301,5
319.884003,313.587006,5
326.563995,381.272003,5
309.394989,365.089996,5
339.682007,296.825012,5
327.79599,337.735992,5
344.48999,338.303009,5
368.64801,321.57901,5
361.684998,334.757996,5
301.688995,369.735992,5
363.70401,345.174011,5
343.006989,346.292999,5
328.932007,355.60199,5
311.795013,333.643005,5
312.17099,345.928009,5
335.777008,326.621002,5
342.316986,319.729004,5
323.084015,347.411011,5
313.138,304.009003,5
338.527008,362.937012,5
328.436005,316.800995,5
338.147003,335.027008,5
345.661011,333.121002,5
343.033997,353.608002,5
309.069,353.421997,5
322.76001,307.044006,5
361.147003,315.11499,5
341.917999,339.516998,5
326.963013,326.903992,5
306.040009,344.25,5
308.510986,346.748993,5
349.053986,360.609009,5
342.459991,342.192993,5
349.632996,380.860992,5
361.984009,344.727997,5
330.96701,338.438995,5
316.020996,354.829987,5
370.213013,334.867004,5
300.118988,345.110992,5
318.694,369.30899,5
353.395996,329.170013,5
351.972992,369.45401,5
374.859009,346.17099,5
359.751007,373.217987,5
351.812012,368.178986,5
351.48999,372.812012,5
339.910004,336.569,5
304.472992,365.007996,5
314.30899,322.428986,5
332.950012,355.411987,5
318.380005,316.390015,5
328.998993,366.355011,5
369.997986,339.345001,5
370.118988,347.432007,5
314.936005,324.915009,5
367.088013,360.662994,5
351.627991,313.71701,5
320.938995,350.723999,5
312.230988,368.082001,5
333.539001,311.890015,5
321.703003,372.977997,5
336.492004,331.450012,5
341.688995,305.191986,5
335.011993,334.578003,5
334.993011,339.56601,5
372.115997,336.997009,5
364.822998,323.243011,5
309.371002,348.778015,5
323.992004,338.85199,5
339.704987,367.928009,5
314.700989,331.466003,5
321.47699,333.908997,5
367.369995,322.192993,5
345.423004,339.683014,5
332.037994,329.566986,5
307.32901,340.701996,5
309.972992,346.363007,5
321.473999,383.121002,5
337.717987,305.691986,5
312.980011,349.57901,5
324.230011,378.95401,5
354.667999,341.399994,5
359.631989,336.229004,5
318.411011,345.201996,5
322.484985,334.128998,5
366.213013,324.546997,5
322.828003,356.540009,5
318.234985,375.199005,5
365.338989,320.55899,5
349.951996,324.263,5
308.096008,366.368988,5
304.612,357.527008,5
313.350006,318.326996,5
342.299988,368.290009,5
331.101013,308.028015,5
319.294006,329.545013,5
350.747986,323.821014,5
298.973999,351.29599,5
338.188995,348.671997,5
304.01001,327.502014,5
319.169006,378.123993,5
350.677002,357.665009,5
304.787994,343.21701,5
371.605988,334.967987,5
342.993988,310.670013,5
338.729004,363.25,5
328.471985,320.503998,5
337.131012,362.05899,5
345.135986,361.02301,5
356.442993,312.184998,5
340.786987,336.075989,5
302.67099,332.415009,5
343.32901,369.993988,5
322.342987,352.631012,5
319.799988,343.549988,5
357.372986,329.415985,5
315.049011,372.453003,5
337.036011,356.350006,5
327.187012,305.098999,5
338.524994,328.957001,5
352.145996,328.862,5
319.983002,349.136993,5
333.834015,319.083008,5
368.187988,341.876007,5
315.559998,313.355011,5
319.687988,360.279999,5
315.947998,355.893005,5
338.683014,345.398987,5
322.520996,300.108002,5
317.764008,359.009003,5
357.739014,321.053009,5
315.424011,374.700989,5
308.677002,364.605988,5
368.832001,354.847992,5
351.076996,315.341003,5
318.186005,344.546997,5
312.518005,319.893005,5
371.437012,356.834015,5
356.734985,317.227997,5
373.096985,340.763,5
321.25,354.389008,5
313.859985,374.769012,5
363.013,359.636993,5
333.867004,365.059998,5
327.449005,348.559998,5
335.062988,382.53299,5
353.843994,313.880005,5
371.167999,345.096008,5
369.291992,363.919006,5
347.105011,363.760986,5
317.256012,309.464996,5
324.705994,322.709015,5
340.257996,369.252014,5
355.358002,373.98999,5
339.567993,346.404999,5
336.544006,378.734009,5
327.317993,353.691986,5
358.553986,376.035004,5
303.768005,337.459991,5
314.975006,328.346985,5
342.260986,333.748993,5
334.585999,329.566986,5
341.529999,321.295013,5
358.574005,348.428009,5
353.06601,328.57901,5
331.488007,378.160004,5
337.240997,355.937012,5
333.868011,312.928009,5
312.022003,348.165985,5
333.222992,373.936005,5
313.937988,370.786011,5
351.915985,358.787994,5
301.753998,350.545013,5
364.513,330.463013,5
316.450989,338.299011,5
334.686005,348.558014,5
316.522003,356.910004,5
323.635986,343.928009,5
366.015991,329.059998,5
331.93399,363.894012,5
346.036987,366.652008,5
340.674011,341.091003,5
377.81601,331.488007,5
321.179993,315.662994,5
301.790985,345.386993,5
311.678009,340.688995,5
309.718994,343.028015,5
301.649994,365.576996,5
328.638,350.035004,5
370.81601,328.158997,5
324.276001,405.121002,6
297.235992,250.664993,6
394.307007,300.813995,6
169.408997,413.670013,6
363.806,278.13501,6
105.735001,266.322998,6
18.320999,345.48999,6
84.971001,293.795013,6
366.789001,257.084015,6
431.130005,350.640991,6
240.908005,434.338989,6
235.477997,252.983002,6
104.555,418.092987,6
156.121994,290.743988,6
94.662003,393.710999,6
112.112,419.716003,6
35.171001,384.492004,6
21.393999,326.608002,6
390.872986,271.550995,6
467.260986,329.575989,6
271.243988,245.059006,6
299.985992,258.925995,6
359.90799,261.221008,6
387.665009,401.221008,6
274.084991,419.213013,6
426.153015,292.544006,6
101.086998,286.98999,6
95.789001,414.042999,6
263.317993,272.683014,6
63.116001,369.837006,6
61.027,322.162994,6
108.523003,282.869995,6
229.815994,261.647003,6
456.540009,302.205994,6
133.171005,400.63501,6
92.192001,414.277008,6
188.507996,282.093994,6
242.848007,246.186996,6
184.904999,264.567993,6
367.195007,410.765991,6
29.856001,350.19101,6
293.48999,423.026001,6
86.361,280.828003,6
38.247002,359.372986,6
56.889,382.941986,6
233.173004,256.487,6
109.014,297.536011,6
299.714996,265.444,6
266.924988,253.003006,6
238.542999,279.132996,6
360.470001,261.147003,6
160.617996,408.389008,6
50.431999,299.390991,6
464.897003,343.644012,6
470.53299,354.820007,6
339.967987,421.177002,6
442.157013,311.945007,6
324.707001,401.196991,6
192.080002,437.213013,6
403.957001,307.222992,6
271.257996,439.437012,6
149.382004,398.015991,6
164.513,437.69101,6
85.697998,380.122009,6
176.460999,256.299988,6
193.505997,259.307007,6
394.971985,295.329987,6
106.010002,263.130005,6
70.771004,305.158997,6
27.049,378.358002,6
220.960999,269.838989,6
37.380001,295.186005,6
168.783997,250.097,6
452.299988,330.333008,6
255.164001,263.433014,6
255.479996,286.044006,6
233.244003,267.003998,6
43.203999,355.894989,6
47.073002,304.21701,6
211.718002,246.490997,6
345.890015,281.589996,6
258.269989,417.528992,6
403.571991,402.153015,6
274.502014,435.39801,6
402.787994,399.480988,6
449.427002,321.385986,6
446.962006,324.436005,6
382.432007,392.123993,6
170.934006,404.886993,6
395.795013,290.42099,6
400.563995,396.718994,6
383.688995,293.131989,6
127.521004,404.302002,6
156.936996,397.286987,6
312.424011,430.181,6
119.815002,296.545013,6
156.309998,430.868011,6
16.775,372.73999,6
241.666,421.098999,6
147.830994,285.022003,6
92.856003,415.600006,6
64.802002,311.944,6
120.683998,264.842987,6
345.635986,271.78299,6
190.835007,428.351013,6
181.108002,266.237,6
109.867996,292.862,6
432.437012,311.365997,6
94.904999,293.358002,6
132.632996,397.507996,6
197.229004,244.020004,6
54.068001,321.808014,6
407.306,380.221008,6
412.507996,397.621002,6
309.100006,420.442993,6
208.477997,280.365997,6
212.707993,266.233002,6
235.673996,404.308014,6
133.429993,402.627991,6
131.044006,258.367004,6
166.848007,409.731995,6
305.290985,406.214996,6
188.835999,417.102997,6
303.837006,435.479004,6
370.154999,389.335999,6
434.373993,345.867004,6
255.052994,436.029999,6
329.825989,256.269012,6
283.121002,413.348999,6
63.907001,371.658997,6
188.326004,266.029999,6
231.639999,272.950012,6
319.79599,274.15799,6
378.166992,264.315002,6
455.10199,382.811005,6
424.786011,372.450989,6
256.127991,251.643005,6
289.898987,435.177002,6
286.790985,252.617004,6
399.451996,393.855011,6
467.660004,374.984985,6
430.753998,387.63501,6
228.529007,280.138,6
102.459999,419.402008,6
77.934998,297.183014,6
427.989014,378.664001,6
158.839005,410.946991,6
105.990997,286.52301,6
472.938995,333.81601,6
67.702003,315.420013,6
400.290009,403.583008,6
416.056,275.338013,6
383.161011,392.244995,6
245.753006,269.661987,6
448.257996,384.158997,6
117.547997,402.826996,6
159.285004,283.048004,6
435.992004,391.306,6
75.721001,392.820007,6
64.140999,309.217987,6
282.247986,264.950989,6
175.287003,249.889999,6
249.533005,260.118011,6
240.766006,258.825989,6
29.058001,380.088013,6
194.832001,246.731995,6
98.080002,284.247009,6
247.395004,254.466003,6
347.027008,269.484009,6
314.053986,421.247986,6
271.358002,269.106995,6
228.014999,438.665009,6
297.682007,277.07901,6
191.882996,408.81601,6
7.001,340.665009,6
452.279999,342.299011,6
97.842003,418.157013,6
396.601013,384.321991,6
375.214996,407.834015,6
438.47699,389.644012,6
377.196991,395.34201,6
138.854004,263.312012,6
185.050995,271.686005,6
381.389008,264.362,6
228.990005,273.638,6
412.013,273.039001,6
427.075989,360.605011,6
443.015991,349.342987,6
79.410004,312.38501,6
173.899002,406.761993,6
453.227997,381.65799,6
112.029999,404.127014,6
230.876999,436.569,6
274.302002,245.444,6
233.988998,422.764008,6
460.102997,375.256012,6
179.179993,279.618011,6
450.014008,352.985992,6
59.41,280.906006,6
403.079987,380.199005,6
137.136993,281.847992,6
268.550995,269.596985,6
118.042999,268.763,6
92.975998,405.223999,6
382.580994,419.315002,6
457.278015,349.225006,6
111.583,289.604004,6
37.535999,332.915009,6
237.464005,426.733002,6
61.591999,402.351013,6
47.650002,377.377014,6
190.654007,407.865997,6
164.899994,255.039001,6
461.127991,353.028992,6
357.638,277.813995,6
213.160995,407.411011,6
191.787003,404.076996,6
173.306,420.526001,6
444.904999,370.56601,6
425.877991,402.696991,6
409.308014,295.130005,6
280.498993,419.584991,6
179.082001,257.38501,6
340.544006,259.696014,6
459.358002,313.730988,6
302.102997,421.332001,6
113.228996,388.54599,6
35.471001,311.365997,6
210.753006,253.785995,6
459.782013,369.415985,6
386.372986,397.014008,6
58.375,401.90799,6
131.792999,286.696014,6
199.059006,256.773987,6
396.282013,277.28299,6
256.429993,432.755005,6
205.574997,410.89801,6
337.385986,421.003998,6
139.781998,415.11499,6
21.496,338.60199,6
62.334999,308.819,6
111.268997,397.428009,6
361.181,413.359985,6
429.675995,399.496002,6
426.127991,286.682007,6
259.265991,250.453003,6
462.738007,300.196014,6
329.792999,257.678986,6
137.104004,271.696991,6
455.07901,373.091003,6
216.149994,406.873993,6
179.438004,261.533997,6
39.456001,379.23999,6
116.503998,398.588013,6
432.891998,296.708008,6
366.015015,397.97699,6
456.592987,387.186005,6
234.459,431.799988,6
405.209991,376.181,6
178.016006,402.902008,6
369.971985,263.248993,6
281.891998,246.804001,6
409.255005,406.520996,6
440.442993,344.217987,6
94.321999,383.47699,6
212.779999,419.444,6
326.165009,420.513,6
385.320007,272.600006,6
135.699997,272.295013,6
405.28299,294.022003,6
310.618988,418.774994,6
467.266998,353.183014,6
103.896004,387.174988,6
388.291992,399.643005,6
153.804993,420.488007,6
399.773987,381.618988,6
55.153,381.592987,6
457.64801,361.436005,6
118.478996,417.095001,6
273.756989,270.903015,6
13.728,351.924011,6
138.735001,255.858002,6
219.664993,434.106995,6
440.968994,301.859009,6
108.851997,390.489014,6
437.204987,288.824005,6
276.692993,261.324005,6
215.042999,411.196991,6
366.561005,252.408005,6
453.442993,320.855011,6
258.053986,250.479996,6
424.036011,362.816986,6
351.467987,267.28299,6
239.977005,274.036011,6
445.570007,363.281006,6
268.679993,260.722992,6
259.718994,278.911987,6
481.872986,338.631012,6
55.243,327.588013,6
97.952003,425.346985,6
216.341995,113.668999,7
321.572998,103.625999,7
126.790001,95.305,7
214.888,89.620003,7
317.76001,93.047997,7
326.088989,76.594002,7
178.281998,80.975998,7
22.438,77.945999,7
324.644012,79.393997,7
214.794998,82.535004,7
75.458,84.596001,7
236.186996,73.670998,7
32.117001,109.217003,7
233.292007,69.528999,7
241.580994,106.008003,7
297.381989,85.728996,7
21.778999,68.495003,7
161.949997,97.149002,7
307.709015,74.820999,7
45.832001,84.489998,7
113.246002,69.092003,7
264.302002,69.183998,7
103.115997,64.575996,7
253.947998,76.347,7
195.406998,76.619003,7
168.477005,83.318001,7
271.067993,116.208,7
155.746994,93.084999,7
328.156006,103.931,7
329.033997,86.445999,7
81.365997,101.002998,7
161.740997,102.860001,7
331.64801,100.469002,7
158.962006,88.723,7
280.907013,75.983002,7
207.050003,105.295998,7
227.628006,96.172997,7
271.941986,97.984001,7
24.719,76.157997,7
309.290009,68.686996,7
21.462,77.293999,7
85.336998,109.487,7
293.588013,112.961998,7
125.306999,84.468002,7
102.495003,76.781998,7
28.910999,99.315002,7
207.287994,98.467003,7
279.221985,113.841003,7
330.75,98.464996,7
92.804001,89.609001,7
22.938999,88.755997,7
259.119995,88.228996,7
122.509003,112.303001,7
330.317993,93.491997,7
123.530998,74.486,7
175.25,81.763,7
100.859001,81.947998,7
193.072998,99.806,7
107.488998,83.460999,7
229.302002,94.68,7
270.628998,95.600998,7
277.781006,72.112999,7
156.389008,111.013,7
282.015991,73.362,7
80.470001,99.037003,7
223.647995,97.890999,7
38.356998,69.882004,7
317.203003,106.982002,7
60.473999,76.761002,7
274.260986,86.632004,7
147.024994,70.427002,7
293.519012,70.663002,7
144.906998,113.889,7
126.343002,114.669998,7
291.654999,108.077003,7
276.786011,116.775002,7
271.789001,116.049004,7
293.778992,86.940002,7
156.945999,88.833,7
310.661011,94.184998,7
232.675003,108.730003,7
161.942001,107.855003,7
164.078995,91.507004,7
170.369995,88.633003,7
43.595001,74.542,7
118.058998,100.328003,7
127.008003,104.614998,7
261.977997,97.851997,7
330.498993,106.441002,7
305.747009,94.350998,7
271.326996,120.799004,7
105.872002,76.864998,7
112.18,112.098,7
285.610992,116.195999,7
261.79599,69.121002,7
139.113998,86.722,7
130.009995,98.268997,7
98.380997,102.296997,7
50.987,92.807999,7
273.049988,98.422997,7
124.427002,110.471001,7
140.328995,87.487,7
317.705994,98.960999,7
151.524994,100.473,7
216.695999,121.360001,7
282.466003,72.181999,7
214.031998,89.258003,7
50.758999,82.452003,7
68.588997,72.469002,7
209.880997,103.780998,7
54.111,109.125,7
149.662994,83.439003,7
57.223999,77.799004,7
315.753998,85.203003,7
29.382,76.012001,7
17.427,102.032997,7
321.704987,107.946999,7
33.903999,75.584,7
41.348,84.674004,7
90.015999,81.071999,7
134.134995,102.903999,7
56.950001,79.730003,7
245.315002,70.517998,7
316.462006,69.966003,7
187.050003,79.109001,7
220.382996,99.038002,7
56.858002,113.207001,7
107.225998,111.175003,7
88.192001,103.001999,7
143.856003,90.405998,7
168.171005,80.475998,7
250.365005,81.036003,7
218.354004,98.038002,7
99.203003,96.121002,7
126.396004,107.060997,7
251.427994,68.342003,7
172.992996,95.744003,7
127.582001,87.001999,7
327.389008,71.249001,7
258.174011,86.748001,7
23.504,88.291,7
209.759003,90.274002,7
90.352997,69.805,7
159.429993,101.156998,7
39.921001,98.830002,7
103.745003,99.497002,7
321.894989,86.941002,7
163.414001,112.197998,7
45.152,96.415001,7
111.844002,80.234001,7
14.943,109.986,7
208.695999,62.987,7
207.005997,106.730003,7
273.514008,102.992996,7
39.132999,104.498001,7
304.075989,95.292,7
173.973999,90.213997,7
238.095993,82.255997,7
313.618988,103.540001,7
330.790009,101.286003,7
96.867996,88.463997,7
214.959,106.998001,7
201.264999,101.891998,7
279.950012,94.095001,7
38.555,112.372002,7
249.167999,93.962997,7
175.281006,98.624001,7
252.214005,90.572998,7
302.033997,106.515999,7
305.81601,76.428001,7
125.612,90.584,7
300.653992,58.424,7
151.787003,83.116997,7
58.985001,72.888,7
221.296005,96.771004,7
195.906006,101.379997,7
67.981003,99.657997,7
315.609985,100.106003,7
45.043999,96.237,7
203.770004,84.203003,7
98.282997,102.789001,7
269.770996,112.678001,7
302.044006,102.431,7
319.640015,76.970001,7
37.709,110.445,7
83.706001,72.958,7
194.406998,95.514,7
300.541992,78.151001,7
177.522003,109.440002,7
302.256012,83.969002,7
292.253998,82.981003,7
267.122009,85.435997,7
306.239014,78.222,7
284.769989,69.565002,7
195.834,107.847,7
233.996002,72.875999,7
61.395,77.724998,7
328.291992,101.574997,7
79.991997,105.932999,7
88.601997,101.541,7
50.612999,75.772003,7
170.891006,73.995003,7
96.318001,68.278,7
214.039993,110.087997,7
141.819,107.015999,7
192.916,85.162003,7
202.386002,70.151001,7
205.343994,89.500999,7
302.345001,95.038002,7
278.584991,71.558998,7
291.902008,78.056,7
174.910995,70.387001,7
143.184998,103.093002,7
62.701,102.640999,7
170.699997,94.893997,7
262.497009,96.386002,7
251.889008,83.329002,7
32.332001,96.075996,7
121.142998,68.877998,7
29.653999,94.833,7
121.157997,111.319,7
32.723,86.389,7
46.147999,96.088997,7
164.546997,79.602997,7
96.920998,118.603996,7
34.859001,102.932999,7
286.265015,104.523003,7
237.871994,101.487,7
162.565002,108.361,7
38.231998,89.275002,7
169.203995,62.771,7
247.067993,77.082001,7
198.516998,97.117996,7
113.533997,112.146004,7
318.515991,76.836998,7
324.541992,75.254997,7
240.369995,87.621002,7
253.410004,111.113998,7
264.144012,105.375,7
81.167999,70.877998,7
144.095001,75.677002,7
176.354004,86.403999,7
316.64801,101.788002,7
278.109009,99.065002,7
60.876999,77.748001,7
107.185997,109.662003,7
140.839996,113.351997,7
217.225998,116.286003,7
279.046997,85.553001,7
125.342003,103.403,7
219.119995,70.973999,7
307.721985,83.838997,7
325.209015,94.219002,7
199.753006,78.471001,7
243.104996,77.766998,7
82.632004,90.992996,7
238.964996,98.246002,7
133.778,96.550003,7
158.358994,111.598,7
128.317001,107.469002,7
257.113007,113.892998,7
140.602005,102.426003,7
76.441002,82.600998,7
299.645996,107.461998,7
36.661999,104.369003,7
113.911003,111.182999,7
166.089005,69.121002,7
230.798004,78.57,7
251.889008,69.384003,7
127.306,99.195,7
54.955002,101.445999,7
243.779999,99.689003,7
133.636993,68.781998,7
20.507999,104.330002,7
135.354996,104.132004,7
260.699005,100.944,7
299.709015,94.824997,7
73.977997,100.793999,7
18.042999,97.253998,7
323.888,89.833,7
289.186005,80.511002,7
164.578995,76.948997,7
280.480988,94.904999,7
124.597,113.790001,7
228.701996,104.393997,7
74.502998,78.406998,7
65.627998,76.130997,7
264.863007,98.041,7
162.007996,73.113998,7
313.376007,84.138,7
38.411999,102.886002,7
44.408001,112.495003,7
267.317993,100.343002,7
285.290985,104.915001,7
301.065002,72.014,7
118.992996,94.764,7
95.379997,105.519997,7
67.906998,90.611,7
157.445007,116.146004,7
71.383003,88.960999,7
121.197998,166.494995,8
172.369003,169.557999,8
319.507996,166.975998,8
150.636993,170.257996,8
213.007004,142.822006,8
234.878006,181.878006,8
318.265015,159.479996,8
261.678986,149.472,8
239.593994,173.988007,8
209.938995,138.376999,8
162.761002,154.815002,8
233.091995,152.457001,8
201.513,145.024002,8
114.928001,171.688995,8
308.024994,164.735001,8
28.429001,162.774002,8
108.494003,141.738998,8
56.216,139.917999,8
171.352005,177.783997,8
235.718002,168.427002,8
32.207001,138.320999,8
294.285004,171.837997,8
309.285004,172.272003,8
183.559006,175.462006,8
224.667007,144.895996,8
44.019001,183.253998,8
330.341003,152.563995,8
190.533997,171.927994,8
283.487,159.039001,8
103.212997,177.054001,8
229.238007,179.164993,8
44.091999,143.231003,8
315.864014,148.863007,8
244.466003,176.287994,8
153.130005,172.988007,8
84.956001,163.597,8
99.609001,151.893997,8
205.268997,138.574005,8
119.699997,167.848007,8
277.242004,182.848999,8
64.744003,158.330994,8
194.712006,154.311996,8
77.044998,164.914993,8
301.106995,157.942001,8
210.348999,152.511993,8
210.645004,177.815002,8
278.117004,143.587997,8
203.755005,148.248993,8
286.908997,154.985992,8
126.953003,153.559006,8
28.355,177.212006,8
97.886002,155.809006,8
121.657997,148.966995,8
245.953995,162.75,8
289.436005,146.914993,8
239.699997,164.975998,8
250.070999,170.802994,8
76.919998,166.901993,8
247.341995,162.660995,8
240.716995,178.755005,8
137.886002,177.716003,8
273.68399,164.649002,8
208.819,169.778,8
246.104996,155.123001,8
256.751007,176.848999,8
207.339005,174.492004,8
216.061996,142.694,8
77.183998,154.386002,8
93.709,146.522003,8
177.496002,159.542007,8
244.632996,164.615005,8
35.945,177.561996,8
251.272003,169.212006,8
70.307999,144.132996,8
174.591995,153.388,8
131.936996,149.259003,8
125.125,139.990997,8
190.410004,144.839005,8
188.888,154.947006,8
145.682999,153.143997,8
195.332993,146.656998,8
206.363007,170.472,8
122.592003,181.863998,8
57.351002,144.957993,8
329.533997,176.617004,8
95.790001,173.679993,8
112.928001,171.779999,8
305.558014,149.139999,8
142.389999,178.899002,8
26.872999,170.354996,8
89.415001,172.216003,8
100.396004,166.044006,8
233.212997,181.654999,8
330.821014,174.278,8
154.257996,164.539993,8
184.951996,149.089996,8
188.815002,158.886002,8
180.085999,171.311996,8
75.241997,182.811005,8
316.761993,142.554993,8
287.136993,168.576004,8
283.388,162.834,8
237.175003,182.953003,8
36.508999,138.977005,8
60.012001,141.322998,8
39.812,142.942993,8
306.860992,174.074997,8
187.395004,152.098999,8
45.594002,173.074997,8
133.973007,165.098007,8
137.028,176.210007,8
140.990005,166.694,8
104.574997,163.649994,8
33.044998,182.992004,8
176.938004,140.516006,8
46.757999,163.164001,8
191.654007,178.807999,8
52.955002,181.429001,8
296.197998,164.182007,8
37.202,142.505005,8
76.528,164.358002,8
314.425995,169.125,8
230.416,156.742996,8
280.463013,153.158005,8
199.936996,144.559998,8
321.967987,166.307007,8
101.667999,168.904999,8
182.587006,172.145004,8
315.48999,169.065994,8
33.584999,183.373001,8
24.943001,175.089996,8
188.524002,139.940002,8
300.140991,154.473999,8
326.104004,188.932007,8
63.549,177.089996,8
113.813004,144.992004,8
89.296997,155.490997,8
265.235992,151.287994,8
166.914993,167.804001,8
326.660004,149.264008,8
126.732002,142.033997,8
143.841995,182.020996,8
174.304001,142.115005,8
115.794998,145.863998,8
128.317001,151.227005,8
113.815002,167.479996,8
105.982002,182.186996,8
206.587006,182.757996,8
173.621994,162.210999,8
67.007004,146.813004,8
103.200996,174.763,8
123.566002,177.223999,8
257.549011,146.929001,8
175.182999,161.289001,8
156.889999,150.130997,8
196.263,163.022995,8
212.867004,138.319,8
153.479996,147.899002,8
29.863001,158.281006,8
330.628998,173.220001,8
172.776001,173.341003,8
137.962006,179.733994,8
220.619995,160.151993,8
227.822006,180.501007,8
30.176001,163.656006,8
183.524994,168.171005,8
94.281998,141.460007,8
22.937,156.423004,8
102.608002,166.438995,8
315.932007,181.966995,8
37.546001,155.917999,8
213.039993,167.188995,8
173.304993,166.005005,8
177.408005,178.322998,8
118.634003,179.388,8
263.238007,170.401993,8
326.446991,171.257004,8
207.354004,140.296005,8
45.505001,170.113007,8
149.748001,177.444,8
184.615997,155.067993,8
248.300995,167.835999,8
214.742004,142.514999,8
258.338989,140.261993,8
163.264999,144.975998,8
260.121002,176.699997,8
185.223999,170.401001,8
91.503998,170.520996,8
181.585007,179.190994,8
221.867996,175.617996,8
18.528999,159.964005,8
133.095993,161.541,8
132.332001,178.462006,8
27.836,144.621994,8
234.843002,170.406998,8
58.445,146.639999,8
133.654007,149.412003,8
311.420013,144.998993,8
65.765999,182.182007,8
215.330002,158.716003,8
83.285004,151.257996,8
20.867001,167.455002,8
281.143005,169.615005,8
190.028,178.630005,8
265.536011,158.130005,8
305.675995,166.653,8
250.442993,147.494003,8
80.111,156.643997,8
210.203003,154.483002,8
65.527,161.731003,8
176.488998,144.634995,8
257.597992,159.278,8
175.481003,176.817001,8
160.354004,157.720001,8
142.608994,141.669006,8
256.789001,151.175995,8
270.097992,139.472,8
65.886002,177.319,8
141.455002,151.246002,8
298.593994,174.764008,8
28.263,140.768005,8
326.360992,141.649002,8
101.137001,146.328003,8
176.218994,149.932007,8
251.432007,154.587006,8
256.449005,156.181,8
104.872002,169.065002,8
150.242996,177.473007,8
70.235001,161.806,8
100.803001,170.158005,8
285.114014,177.119003,8
115.486,177.085007,8
286.412994,159.675003,8
277.384003,186.223007,8
102.646004,160.132996,8
230.897003,171.483002,8
306.470001,153.404999,8
282.550995,168.496994,8
121.310997,181.130997,8
27.033001,164.820007,8
159.964005,138.389999,8
324.884003,170.819,8
207.832001,148.335007,8
322.502991,137.376007,8
67.975998,157.570007,8
280.473999,152.660004,8
143.296997,145.345001,8
56.550999,148.807999,8
176.645996,160.117996,8
293.265015,152.085007,8
154.970993,151.626999,8
64.150002,138.916,8
66.539001,170.910004,8
130.608002,166.996994,8
304.095001,162.177002,8
79.473999,176.403,8
260.273987,146.505997,8
307.71701,180.578003,8
82.781998,160.994003,8
198.406998,172.212997,8
313.889008,165.632996,8
39.049999,146.723007,8
177.824005,176.733002,8
95.612999,159.529999,8
67.891998,138.237,8
42.661999,176.908997,8
151.731003,149.973007,8
72.113998,179.024994,8
46.271999,172.561005,8
205.904007,141.600998,8
217.514999,147.199005,8
323.582001,174.630005,8
181.059998,163.826996,8
193.854004,178.335007,8
253.998993,150.451996,8
278.791992,169.514008,8
43.245998,166.960999,8
166.421997,144.839005,8
246.835999,176.044006,8
308.085999,183.291,8
228.218002,148.266998,8
322.812988,179.022003,8
158.725998,183.457001,8
231.309998,172.026001,8
103.292999,164.520996,8
306.480011,140.395004,8
246.488007,153.473007,8
163.587006,138.399994,8
90.445,144.153,8
26.143999,157.289001,8
59.145,134.664993,8
227.643005,143.225006,8
192.115005,151.813995,8
168.554993,143.660004,8
132.259003,175.664993,8
168.033997,142.725006,8
18.066999,173.054993,8
200.697998,139.845993,8
223.914001,143.268997,8
49.653,147.764999,8
